2Theta (degrees),Intensity
38.17333739648224,74.87861351562977
44.3683185571149,100.0
64.55027834225054,50.90411647420808
77.53380949433023,12.421641931797831
81.68713754157243,14.212224751153883
